Timestamp,Controller_Teperture(C),Motor_Temperture(C),Accelator_Opening(%),STATUS,ERROR
1687768738.2310162,28,30,0
1687768738.330982,28,30,0
1687768738.4309807,28,30,0
1687768738.5310166,28,30,0
1687768738.6309752,28,30,0
1687768738.730978,28,30,0
1687768738.8309836,28,30,0
1687768738.9309757,28,30,0
1687768739.0309837,28,30,0
1687768739.130977,28,30,0
1687768739.2311056,28,30,0
1687768739.3311367,28,30,0
1687768739.431142,28,30,0
1687768739.5311418,28,30,0
1687768739.631151,28,30,0
1687768739.7311282,28,30,0
1687768739.8311312,28,30,0
1687768739.9311464,28,30,0
1687768740.0311368,28,30,0
1687768740.1310687,28,30,0
1687768740.231049,28,30,0
1687768740.3311343,28,30,0
1687768740.431097,28,30,0
1687768740.5309799,28,30,0
1687768740.6309838,28,30,0
1687768740.7309864,28,30,0
1687768740.8309877,28,30,0
1687768740.9309967,28,30,0
1687768741.0309868,28,30,0
1687768741.1309836,28,30,0
1687768741.2311358,28,30,0
1687768741.3311028,28,30,0
1687768741.4311535,28,30,0
1687768741.5311394,28,30,0
1687768741.6311476,28,30,0
1687768741.7311456,28,30,0
1687768741.831141,28,30,0
1687768741.9311388,28,30,0
1687768742.031137,28,30,0
1687768742.1311982,28,30,0
1687768742.2309892,28,30,0
1687768742.3309858,28,30,0
1687768742.430992,28,30,0
1687768742.5309846,28,30,0
1687768742.631,28,30,0
1687768742.7309866,28,30,0
1687768742.8309944,28,30,0
1687768742.9311395,28,30,0
1687768743.0311103,28,30,0
1687768743.1309905,28,30,0
1687768743.2310004,28,30,0
1687768743.3309865,28,30,0
1687768743.43099,28,30,0
1687768743.5310113,28,30,0
1687768743.630991,28,30,0
1687768743.7310314,28,30,0
1687768743.8311527,28,30,0
1687768743.9311423,28,30,0
1687768744.0311513,28,30,0
1687768744.13114,28,30,0
1687768744.2310834,28,30,0
1687768744.3311472,28,30,0
1687768744.431147,28,30,0
1687768744.531053,28,30,0
1687768744.6310837,28,30,0
1687768744.7311473,28,30,0
1687768744.8311563,28,30,0
1687768744.9311447,28,30,0
1687768745.0311441,28,30,0
1687768745.1311471,28,30,0
1687768745.2311482,28,30,0
1687768745.3311813,28,30,0
1687768745.4311585,28,30,0
1687768745.5311532,28,30,0
1687768745.6311562,28,30,0
1687768745.7311475,28,30,0
1687768745.8311534,28,30,0
1687768745.9340024,28,30,0
1687768746.0336473,28,30,0
1687768746.1338959,28,30,0
1687768746.2337701,28,30,0
1687768746.331161,28,30,0
1687768746.4311538,28,30,0
1687768746.5311491,28,30,0
1687768746.6311522,28,30,0
1687768746.7311504,28,30,0
1687768746.8311832,28,30,0
1687768746.9311285,28,30,0
1687768747.031187,28,30,0
1687768747.1311495,28,30,0
1687768747.2312016,28,30,0
1687768747.3311834,28,30,0
1687768747.4311626,28,30,0
1687768747.5311432,28,30,0
1687768747.6310732,28,30,0
1687768747.7309961,28,30,0
1687768747.8310013,28,30,0
1687768747.9310048,28,30,0
1687768748.0310085,28,30,0
1687768748.1309984,28,30,0
1687768748.2310066,28,30,0
1687768748.3311195,28,30,0
1687768748.4310052,28,30,0
1687768748.5310018,28,30,0
1687768748.6310098,28,30,0
1687768748.7310061,28,30,0
1687768748.8310056,28,30,0
1687768748.9310071,28,30,0
1687768749.0310075,28,30,0
1687768749.1311548,28,30,0
1687768749.2311704,28,30,0
1687768749.3311539,28,30,0
1687768749.4311538,28,30,0
1687768749.5311623,28,30,0
1687768749.6311588,28,30,0
1687768749.7311573,28,30,0
1687768749.831158,28,30,0
1687768749.9311643,28,30,0
1687768750.031158,28,30,0
1687768750.131173,28,30,0
1687768750.231099,28,30,0
1687768750.3312018,28,30,0
1687768750.431162,28,30,0
1687768750.5311618,28,30,0
1687768750.6311667,28,30,0
1687768750.7311666,28,30,0
1687768750.8311708,28,30,0
1687768750.9311562,28,30,0
1687768751.0311658,28,30,0
1687768751.1311748,28,30,0
1687768751.2311473,28,30,0
1687768751.3311632,28,30,0
1687768751.431165,28,30,0
1687768751.5311558,28,30,0
1687768751.631164,28,30,0
1687768751.7311714,28,30,0
1687768751.83117,28,30,0
1687768751.9310112,28,30,0
1687768752.0310137,28,30,0
1687768752.1310165,28,30,0
1687768752.2310154,28,30,0
1687768752.3310108,28,30,0
1687768752.4310145,28,30,0
1687768752.5310123,28,30,0
1687768752.631165,28,30,0
1687768752.7311385,28,30,0
1687768752.831177,28,30,0
1687768752.931172,28,30,0
1687768753.0311377,28,30,0
1687768753.131174,28,30,0
1687768753.2311618,28,30,0
1687768753.3311577,28,30,0
1687768753.4311626,28,30,0
1687768753.5311568,28,30,0
1687768753.631126,28,30,0
1687768753.7311559,28,30,0
1687768753.8311722,28,30,0
1687768753.931157,28,30,0
1687768754.0311913,28,30,0
1687768754.1311536,28,30,0
1687768754.2311585,28,30,0
1687768754.331163,28,30,0
1687768754.4311628,28,30,0
1687768754.531159,28,30,0
1687768754.6311584,28,30,0
1687768754.7311745,28,30,0
1687768754.8310874,28,30,0
1687768754.931129,28,30,0
1687768755.031164,28,30,0
1687768755.1310892,28,30,0
1687768755.2310855,28,30,0
1687768755.3310776,28,30,0
1687768755.4311686,28,30,0
1687768755.5311632,28,30,0
1687768755.6316617,28,30,0
1687768755.731158,28,30,0
1687768755.8311603,28,30,0
1687768755.9311864,28,30,0
1687768756.0311897,28,30,0
1687768756.1311731,28,30,0
1687768756.236379,28,30,0
1687768756.333862,28,30,0
1687768756.431184,28,30,0
1687768756.5311775,28,30,0
1687768756.6311855,28,30,0
1687768756.7311773,28,30,0
1687768756.8311896,28,30,0
1687768756.9311907,28,30,0
1687768757.031126,28,30,0
1687768757.1311035,28,30,0
1687768757.2311852,28,30,0
1687768757.3311863,28,30,0
1687768757.4311912,28,30,0
1687768757.5311935,28,30,0
1687768757.6311986,28,30,0
1687768757.731186,28,30,0
1687768757.8312023,28,30,0
1687768757.9311786,28,30,0
1687768758.0311952,28,30,0
1687768758.1311445,28,30,0
1687768758.2311997,28,30,0
1687768758.3311448,28,30,0
1687768758.4311562,28,30,0
1687768758.531186,28,30,0
1687768758.6311555,28,30,0
1687768758.7310352,28,30,0
1687768758.8310318,28,30,0
1687768758.9310417,28,30,0
1687768759.0310342,28,30,0
1687768759.1310372,28,30,0
1687768759.2310374,28,30,0
1687768759.331084,28,30,0
1687768759.4312074,28,30,0
1687768759.5311913,28,30,0
1687768759.631224,28,30,0
1687768759.7311916,28,30,0
1687768759.831191,28,30,0
1687768759.9311907,28,30,0
1687768760.0311995,28,30,0
1687768760.1311688,28,30,0
1687768760.2311559,28,30,0
1687768760.331236,28,30,0
1687768760.4311943,28,30,0
1687768760.5311902,28,30,0
1687768760.6311882,28,30,0
1687768760.7311904,28,30,0
1687768760.831164,28,30,0
1687768760.9311948,28,30,0
1687768761.0311947,28,30,0
1687768761.1311939,28,30,0
1687768761.2311926,28,30,0
1687768761.3311949,28,30,0
1687768761.4311934,28,30,0
1687768761.5311894,28,30,0
1687768761.6311924,28,30,0
1687768761.7311904,28,30,0
1687768761.8311927,28,30,0
1687768761.931198,28,30,0
1687768762.03119,28,30,0
1687768762.1311855,28,30,0
1687768762.2311885,28,30,0
1687768762.3310483,28,30,0
1687768762.4310458,28,30,0
1687768762.5310357,28,30,0
1687768762.6310384,28,30,0
1687768762.7310424,28,30,0
1687768762.8310416,28,30,0
1687768762.9310412,28,30,0
1687768763.031205,28,30,0
1687768763.1311996,28,30,0
1687768763.231223,28,30,0
1687768763.3311625,28,30,0
1687768763.4312077,28,30,0
1687768763.5311985,28,30,0
1687768763.6311839,28,30,0
1687768763.7311096,28,30,0
1687768763.8312013,28,30,0
1687768763.931167,28,30,0
1687768764.0312123,28,30,0
1687768764.1312017,28,30,0
1687768764.2312033,28,30,0
1687768764.3311946,28,30,0
1687768764.431237,28,30,0
1687768764.531207,28,30,0
1687768764.6312072,28,30,0
1687768764.731207,28,30,0
1687768764.8312244,28,30,0
1687768764.9312048,28,30,0
1687768765.031165,28,30,0
1687768765.1311135,28,30,0
1687768765.2311356,28,30,0
1687768765.3310502,28,30,0
1687768765.4310482,28,30,0
1687768765.5310516,28,30,0
1687768765.6310537,28,30,0
1687768765.7310488,28,30,0
1687768765.831055,28,30,0
1687768765.93105,28,30,0
1687768766.0326915,28,30,0
1687768766.1312,28,30,0
1687768766.2312045,28,30,0
1687768766.3312025,28,30,0
1687768766.4312057,28,30,0
1687768766.5312054,28,30,0
1687768766.6312122,28,30,0
1687768766.7312083,28,30,0
1687768766.8312128,28,30,0
1687768766.9312053,28,30,0
1687768767.0312164,28,30,0
1687768767.1312156,28,30,0
1687768767.2312155,28,30,0
1687768767.3312035,28,30,0
1687768767.4312134,28,30,0
1687768767.5312066,28,30,0
1687768767.6312063,28,30,0
1687768767.7312222,28,30,0
1687768767.8312256,28,30,0
1687768767.9312255,28,30,0
1687768768.031236,28,30,0
1687768768.1311805,28,30,0
1687768768.2312257,28,30,0
1687768768.3312054,28,30,0
1687768768.4311733,28,30,0
1687768768.5312037,28,30,0
1687768768.6312068,28,30,0
1687768768.7312307,28,30,0
1687768768.8312113,28,30,0
1687768768.9312072,28,30,0
1687768769.0311754,28,30,0
1687768769.131069,28,30,0
1687768769.2310634,28,30,0
1687768769.331057,28,30,0
1687768769.4310582,28,30,0
1687768769.531055,28,30,0
1687768769.6310613,28,30,0
1687768769.7310555,28,30,0
1687768769.8311772,28,30,0
1687768769.9312098,28,30,0
1687768770.0312192,28,30,0
1687768770.1311193,28,30,0
1687768770.2311804,28,30,0
1687768770.33122,28,30,0
1687768770.4312177,28,30,0
1687768770.5312142,28,30,0
1687768770.6312146,28,30,0
1687768770.7312133,28,30,0
1687768770.8312187,28,30,0
1687768770.9312208,28,30,0
1687768771.031229,28,30,0
1687768771.1312182,28,30,0
1687768771.231222,28,30,0
1687768771.331214,28,30,0
1687768771.4312844,28,30,0
1687768771.5310798,28,30,0
1687768771.6310642,28,30,0
1687768771.731057,28,30,0
1687768771.8310678,28,30,0
1687768771.9310853,28,30,0
1687768772.0310674,28,30,0
1687768772.1310678,28,30,0
1687768772.231223,28,30,0
1687768772.3312173,28,30,0
1687768772.431227,28,30,0
1687768772.531229,28,30,0
1687768772.6312296,28,30,0
1687768772.73118,28,30,0
1687768772.8312302,28,30,0
1687768772.931226,28,30,0
1687768773.031231,28,30,0
1687768773.1312282,28,30,0
1687768773.2312179,28,30,0
1687768773.331218,28,30,0
1687768773.4311838,28,30,0
1687768773.5312238,28,30,0
1687768773.631228,28,30,0
1687768773.7312236,28,30,0
1687768773.8312194,28,30,0
1687768773.9311843,28,30,0
1687768774.031228,28,30,0
1687768774.1312306,28,30,0
1687768774.2312338,28,30,0
1687768774.33123,28,30,0
1687768774.4312272,28,30,0
1687768774.5312226,28,30,0
1687768774.631231,28,30,0
1687768774.7312262,28,30,0
1687768774.8312283,28,30,0
1687768774.9311848,28,30,0
1687768775.0312316,28,30,0
1687768775.1311743,28,30,0
1687768775.2310784,28,30,0
1687768775.3310757,28,30,0
1687768775.4310715,28,30,0
1687768775.5310807,28,30,0
1687768775.6310756,28,30,0
1687768775.7310746,28,30,0
1687768775.8310804,28,30,0
1687768775.9312882,28,30,0
1687768776.031283,28,30,0
1687768776.131196,28,30,0
1687768776.2312388,28,30,0
1687768776.3312287,28,30,0
1687768776.431256,28,30,0
1687768776.5312061,28,30,0
1687768776.6312354,28,30,0
1687768776.7345836,28,30,0
1687768776.8348095,28,30,0
1687768776.93362,28,30,0
1687768777.0310986,28,30,0
1687768777.1310756,28,30,0
1687768777.2310884,28,30,0
1687768777.33108,28,30,0
1687768777.4310856,28,30,0
1687768777.5311005,28,30,0
1687768777.6310828,28,30,0
1687768777.7311723,28,30,0
1687768777.831237,28,30,0
1687768777.9311996,28,30,0
1687768778.031246,28,30,0
1687768778.1311905,28,30,0
1687768778.2312393,28,30,0
1687768778.331238,28,30,0
1687768778.4312418,28,30,0
1687768778.5312402,28,30,0
1687768778.6312373,28,30,0
1687768778.7312038,28,30,0
1687768778.8312402,28,30,0
1687768778.9312124,28,30,0
1687768779.031246,28,30,0
1687768779.1313145,28,30,0
1687768779.2312057,28,30,0
1687768779.3312993,28,30,0
1687768779.4311795,28,30,0
1687768779.531245,28,30,0
1687768779.6312606,28,30,0
1687768779.7311444,28,30,0
1687768779.8311803,28,30,0
1687768779.931183,28,30,0
1687768780.0311985,28,30,0
1687768780.1311085,28,30,0
1687768780.2310824,28,30,0
1687768780.3310947,28,30,0
1687768780.4311302,28,30,0
1687768780.5310957,28,30,0
1687768780.6310985,28,30,0
1687768780.7310941,28,30,0
1687768780.831241,28,30,0
1687768780.931259,28,30,0
1687768781.0312176,28,30,0
1687768781.131281,28,30,0
1687768781.231225,28,30,0
1687768781.3312204,28,30,0
1687768781.4311967,28,30,0
1687768781.5312726,28,30,0
1687768781.6312246,28,30,0
1687768781.7312274,28,30,0
1687768781.8312054,28,30,0
1687768781.9312267,28,30,0
1687768782.031214,28,30,0
1687768782.131206,28,30,0
1687768782.2312112,28,30,0
1687768782.331233,28,30,0
1687768782.431213,28,30,0
1687768782.5312004,28,30,0
1687768782.63121,28,30,0
1687768782.7312505,28,30,0
1687768782.831222,28,30,0
1687768782.9312346,28,30,0
1687768783.0312393,28,30,0
1687768783.1312497,28,30,0
1687768783.2312162,28,30,0
1687768783.3312385,28,30,0
1687768783.43124,28,30,0
1687768783.5312726,28,30,0
1687768783.6312418,28,30,0
1687768783.7312431,28,30,0
1687768783.8312523,28,30,0
1687768783.9312503,28,30,0
1687768784.0312922,28,30,0
1687768784.1312678,28,30,0
1687768784.2312083,28,30,0
1687768784.3312664,28,30,0
1687768784.4312503,28,30,0
1687768784.5312514,28,30,0
1687768784.6312118,28,30,0
1687768784.7312565,28,30,0
1687768784.8312228,28,30,0
1687768784.9312086,28,30,0
1687768785.03123,28,30,0
1687768785.1312518,28,30,0
1687768785.231207,28,30,0
1687768785.3312109,28,30,0
1687768785.4337785,28,30,0
1687768785.533899,28,30,0
1687768785.6312144,28,30,0
1687768785.7336948,28,30,0
1687768785.8312597,28,30,0
1687768785.9312778,28,30,0
1687768786.0340726,28,30,0
1687768786.131482,28,30,0
1687768786.231096,28,30,0
1687768786.3311107,28,30,0
1687768786.4311163,28,30,0
1687768786.5311007,28,30,0
1687768786.631103,28,30,0
1687768786.7311325,28,30,0
1687768786.831111,28,30,0
1687768786.9312484,28,30,0
1687768787.0312188,28,30,0
1687768787.1312568,28,30,0
1687768787.231278,28,30,0
1687768787.3312125,28,30,0
1687768787.431255,28,30,0
1687768787.5312564,28,30,0
1687768787.6312501,28,30,0
1687768787.7312288,28,30,0
1687768787.831223,28,30,0
1687768787.9312627,28,30,0
1687768788.0313191,28,30,0
1687768788.1311965,28,30,0
1687768788.2311165,28,30,0
1687768788.3311083,28,30,0
1687768788.4311204,28,30,0
1687768788.5311198,28,30,0
1687768788.6311185,28,30,0
1687768788.7311113,28,30,0
1687768788.8311138,28,30,0
1687768788.931359,28,30,0
1687768789.0312572,28,30,0
1687768789.13122,28,30,0
1687768789.2312546,28,30,0
1687768789.3312504,28,30,0
1687768789.4312646,28,30,0
1687768789.531267,28,30,0
1687768789.63126,28,30,0
1687768789.7312577,28,30,0
1687768789.8312602,28,30,0
1687768789.9312992,28,30,0
1687768790.0312822,28,30,0
1687768790.1312246,28,30,0
1687768790.2312381,28,30,0
1687768790.3312628,28,30,0
1687768790.4312813,28,30,0
1687768790.5312634,28,30,0
1687768790.631314,28,30,0
1687768790.7312646,28,30,0
1687768790.8312724,28,30,0
1687768790.9312687,28,30,0
1687768791.0312655,28,30,0
1687768791.1312342,28,30,0
1687768791.2312312,28,30,0
1687768791.331266,28,30,0
1687768791.4312286,28,30,0
1687768791.5312326,28,30,0
1687768791.6312351,28,30,0
1687768791.7312682,28,30,0
1687768791.8312378,28,30,0
1687768791.9311168,28,30,0
1687768792.0311196,28,30,0
1687768792.131114,28,30,0
1687768792.2311199,28,30,0
1687768792.331114,28,30,0
1687768792.4311206,28,30,0
1687768792.5311117,28,30,0
1687768792.6312804,28,30,0
1687768792.7311223,28,30,0
1687768792.8311176,28,30,0
1687768792.931124,28,30,0
1687768793.031123,28,30,0
1687768793.131173,28,30,0
1687768793.2311196,28,30,0
1687768793.331117,28,30,0
1687768793.4312832,28,30,0
1687768793.5312839,28,30,0
1687768793.631275,28,30,0
1687768793.7312822,28,30,0
1687768793.8312824,28,30,0
1687768793.9312406,28,30,0
1687768794.0312824,28,30,0
1687768794.131276,28,30,0
1687768794.2313557,28,30,0
1687768794.3312852,28,30,0
1687768794.4313588,28,30,0
1687768794.531277,28,30,0
1687768794.6312752,28,30,0
1687768794.7312818,28,30,0
1687768794.8312845,28,30,0
1687768794.931283,28,30,0
1687768795.0312517,28,30,0
1687768795.131304,28,30,0
1687768795.2312622,28,30,0
1687768795.3312395,28,30,0
1687768795.4341378,28,30,0
1687768795.5341465,28,30,0
1687768795.6337056,28,30,0
1687768795.733307,28,30,0
1687768795.8334858,28,30,0
1687768795.933815,28,30,0
1687768796.0312817,28,30,0
1687768796.131289,28,30,0
1687768796.2364583,28,30,0
1687768796.3338978,28,30,0
1687768796.4312844,28,30,0
1687768796.5312796,28,30,0
1687768796.6342072,28,30,0
1687768796.7339385,28,30,0
1687768796.8312857,28,30,0
1687768796.9313054,28,30,0
1687768797.0312867,28,30,0
1687768797.1312895,28,30,0
1687768797.2313166,28,30,0
1687768797.3312523,28,30,0
1687768797.431255,28,30,0
1687768797.53127,28,30,0
1687768797.631276,28,30,0
1687768797.7312982,28,30,0
1687768797.8312557,28,30,0
1687768797.9313016,28,30,0
1687768798.0313044,28,30,0
1687768798.1312535,28,30,0
1687768798.231296,28,30,0
1687768798.3312492,28,30,0
1687768798.4312966,28,30,0
1687768798.5312543,28,30,0
1687768798.6312969,28,30,0
1687768798.7312965,28,30,0
1687768798.8312843,28,30,0
1687768798.9312904,28,30,0
1687768799.0312939,28,30,0
1687768799.1312537,28,30,0
1687768799.2311447,28,30,0
1687768799.3311393,28,30,0
1687768799.4311392,28,30,0
1687768799.531135,28,30,0
1687768799.6311383,28,30,0
1687768799.7311423,28,30,0
1687768799.831139,28,30,0
1687768799.9312875,28,30,0
1687768800.0312939,28,30,0
1687768800.131486,28,30,0
1687768800.2312567,28,30,0
1687768800.3312588,28,30,0
1687768800.431297,28,30,0
1687768800.5312834,28,30,0
1687768800.6312904,28,30,0
1687768800.7312925,28,30,0
1687768800.8312774,28,30,0
1687768800.9312534,28,30,0
1687768801.0312936,28,30,0
1687768801.131263,28,30,0
1687768801.2312996,28,30,0
1687768801.3312926,28,30,0
1687768801.4312723,28,30,0
1687768801.5312927,28,30,0
1687768801.6312983,28,30,0
1687768801.7312934,28,30,0
1687768801.8312697,28,30,0
1687768801.931301,28,30,0
1687768802.0313082,28,30,0
1687768802.1312618,28,30,0
1687768802.2313004,28,30,0
1687768802.331306,28,30,0
1687768802.4312992,28,30,0
1687768802.5313,28,30,0
1687768802.6312876,28,30,0
1687768802.731258,28,30,0
1687768802.831304,28,30,0
1687768802.9312966,28,30,0
1687768803.0313032,28,30,0
1687768803.1312823,28,30,0
1687768803.2312648,28,30,0
1687768803.33126,28,30,0
1687768803.4312625,28,30,0
1687768803.5312605,28,25,0
1687768803.6313,28,30,0
1687768803.7312615,28,25,0
1687768803.8313057,28,25,0
1687768803.9313102,28,25,0
1687768804.0313113,28,30,0
1687768804.1312704,28,30,0
1687768804.2312627,28,30,0
1687768804.3312645,28,30,0
1687768804.431309,28,30,0
1687768804.5312722,28,30,0
1687768804.631275,28,30,0
1687768804.7312999,28,30,0
1687768804.8313138,28,30,0
1687768804.9313579,28,30,0
1687768805.0311751,28,30,0
1687768805.1311684,28,30,0
1687768805.2311556,28,30,0
1687768805.3311496,28,30,0
1687768805.4311488,28,30,0
1687768805.5311525,28,30,0
1687768805.631157,28,30,0
1687768805.7312741,28,30,0
1687768805.83131,28,30,0
1687768805.931312,28,30,0
1687768806.031304,28,30,0
1687768806.131321,28,30,0
1687768806.2313092,28,30,0
1687768806.331317,28,30,0
1687768806.4312737,28,30,0
1687768806.531314,28,30,0
1687768806.6313179,28,30,0
1687768806.7312698,28,30,0
1687768806.8313136,28,30,0
1687768806.9312646,28,30,0
1687768807.031314,28,30,0
1687768807.1312807,28,30,0
1687768807.2312884,28,30,0
1687768807.33132,28,30,0
1687768807.431308,28,30,0
1687768807.5319984,28,30,0
1687768807.634165,28,30,0
1687768807.731355,28,30,0
1687768807.8347611,28,30,0
1687768807.931161,28,30,0
1687768808.031166,28,30,0
1687768808.1311605,28,30,0
1687768808.2311637,28,30,0
1687768808.3311627,28,30,0
1687768808.4311624,28,30,0
1687768808.531154,28,30,0
1687768808.6313205,28,30,0
1687768808.7313228,28,30,0
1687768808.8313198,28,30,0
1687768808.9313116,28,30,0
1687768809.0313113,28,30,0
1687768809.131275,28,30,0
1687768809.2312968,28,30,0
1687768809.33116,28,25,0
1687768809.4311662,28,25,0
1687768809.5311697,28,25,0
1687768809.6311688,28,25,0
1687768809.7311633,28,25,0
1687768809.8311708,28,25,0
1687768809.9311604,28,25,0
1687768810.0313184,28,25,0
1687768810.1312795,28,30,0
1687768810.2312913,28,30,0
1687768810.3312895,28,30,0
1687768810.4313266,28,30,2
1687768810.5313125,28,30,7
1687768810.631274,28,30,12
1687768810.7313108,28,30,15
1687768810.831283,28,30,15
1687768810.9313452,28,30,15
1687768811.0312765,28,30,15
1687768811.1313264,28,30,15
1687768811.231313,28,30,15
1687768811.3312826,28,30,15
1687768811.4312954,28,30,15
1687768811.531322,28,30,15
1687768811.6313179,28,30,15
1687768811.7312808,28,30,15
1687768811.8313165,28,30,15
1687768811.931313,28,30,15
1687768812.0312905,28,30,17
1687768812.1312728,28,30,22
1687768812.2313414,28,30,25
1687768812.331317,28,30,25
1687768812.4313135,28,30,25
1687768812.531303,28,30,25
1687768812.631295,28,30,25
1687768812.7313461,28,30,25
1687768812.8312705,28,30,25
1687768812.93127,28,30,25
1687768813.0313013,28,30,25
1687768813.1311584,28,30,25
1687768813.231165,28,30,25
1687768813.331164,28,30,25
1687768813.4311628,28,30,25
1687768813.5311563,28,30,25
1687768813.6311634,28,30,25
1687768813.7311687,28,30,25
1687768813.831311,28,30,25
1687768813.9313054,28,30,25
1687768814.0313172,28,30,25
1687768814.1313381,28,30,25
1687768814.2313142,28,30,25
1687768814.331319,28,30,25
1687768814.4313178,28,30,25
1687768814.5313106,28,30,25
1687768814.63132,28,30,25
1687768814.7313082,28,30,25
1687768814.831373,28,30,25
1687768814.931314,28,30,25
1687768815.0312839,28,30,25
1687768815.1312895,28,30,25
1687768815.2312863,28,30,25
1687768815.3313189,28,30,25
1687768815.4313123,28,30,25
1687768815.5313,28,30,25
1687768815.6312737,28,30,25
1687768815.731337,28,30,25
1687768815.8311741,28,30,25
1687768815.9311647,28,30,24
1687768816.0311763,28,30,0
1687768816.1311824,28,30,0
1687768816.2311835,28,30,0
1687768816.3311813,28,30,0
1687768816.4311805,28,30,0
1687768816.531193,28,30,0
1687768816.6313322,28,30,0
1687768816.731302,28,30,0
1687768816.8313377,28,30,0
1687768816.9312959,28,30,0
1687768817.031338,28,30,0
1687768817.1313338,28,30,0
1687768817.2313368,28,30,0
1687768817.3313353,28,30,0
1687768817.4312987,28,30,0
1687768817.531328,28,30,0
1687768817.6313415,28,30,0
1687768817.7313368,28,30,0
1687768817.8312984,28,30,0
1687768817.9313047,28,30,0
1687768818.0313187,28,30,0
1687768818.131299,28,30,0
1687768818.2313333,28,30,0
1687768818.3313134,28,30,0
1687768818.4313443,28,30,0
1687768818.5313277,28,30,0
1687768818.631339,28,30,0
1687768818.7313418,28,30,0
1687768818.831345,28,30,0
1687768818.9313405,28,30,0
1687768819.0313709,28,30,0
1687768819.131309,28,30,0
1687768819.2313435,28,30,0
1687768819.3313031,28,30,0
1687768819.4313395,28,30,0
1687768819.5313075,28,30,0
1687768819.6313066,28,30,0
1687768819.7311828,28,30,0
1687768819.8311882,28,30,0
1687768819.9311903,28,30,0
1687768820.0311916,28,30,0
1687768820.1311953,28,30,0
1687768820.2311904,28,30,0
1687768820.3312356,28,30,0
1687768820.4313428,28,30,0
1687768820.531353,28,30,0
1687768820.6313472,28,30,0
1687768820.7313085,28,30,0
1687768820.83131,28,30,0
1687768820.9313536,28,30,0
1687768821.03131,28,30,0
1687768821.1313114,28,30,0
1687768821.231308,28,30,0
1687768821.3313034,28,30,0
1687768821.431308,28,30,0
1687768821.5313175,28,30,0
1687768821.6313121,28,30,0
1687768821.73131,28,30,0
1687768821.8313074,28,30,0
1687768821.9313545,28,30,0
1687768822.031346,28,30,0
1687768822.131308,28,30,0
1687768822.2313168,28,30,0
1687768822.3313208,28,30,0
1687768822.4313505,28,30,0
1687768822.5313148,28,30,0
1687768822.6313136,28,30,0
1687768822.7313821,28,30,0
1687768822.8313494,28,30,0
1687768822.9313269,28,30,0
1687768823.0313578,28,30,0
1687768823.13137,28,30,0
1687768823.2312145,28,30,0
1687768823.3311992,28,30,0
1687768823.4311962,28,30,0
1687768823.5312002,28,30,0
1687768823.6311994,28,30,0
1687768823.7312055,28,30,0
1687768823.8312027,28,30,0
1687768823.9313593,28,30,0
1687768824.031355,28,30,0
1687768824.1313648,28,30,0
1687768824.231362,28,30,0
1687768824.3313224,28,30,0
1687768824.431352,28,30,0
1687768824.5313525,28,30,0
1687768824.6313148,28,30,0
1687768824.7313237,28,30,0
1687768824.8314831,28,30,0
1687768824.9313622,28,30,0
1687768825.031391,28,30,0
1687768825.134299,28,30,0
1687768825.2338758,28,30,0
1687768825.3313549,28,30,0
1687768825.4341514,28,30,0
1687768825.5313222,28,30,0
1687768825.6313226,28,30,0
1687768825.7313259,28,30,0
1687768825.8339727,28,30,0
1687768825.9313574,28,30,0
1687768826.031358,28,30,0
1687768826.1314056,28,30,0
1687768826.2313278,28,30,0
1687768826.3313696,28,30,0
1687768826.4313228,28,30,0
1687768826.531373,28,30,0
1687768826.6313324,28,30,0
1687768826.7313395,28,30,0
1687768826.8313773,28,30,0
1687768826.931329,28,30,0
1687768827.0313904,28,30,0
1687768827.131211,28,30,0
1687768827.231214,28,30,0
1687768827.3312063,28,30,0
1687768827.4312267,28,30,0
1687768827.5312138,28,30,0
1687768827.6312115,28,30,0
1687768827.731206,28,30,0
1687768827.8313615,28,30,0
1687768827.9313295,28,30,0
1687768828.0313652,28,30,0
1687768828.131398,28,30,0
1687768828.2314236,28,30,0
1687768828.3313994,28,30,0
1687768828.4312088,28,30,0
1687768828.5312233,28,30,0
1687768828.631216,28,30,0
1687768828.7312117,28,30,0
1687768828.831217,28,30,0
1687768828.9312096,28,30,0
1687768829.0312178,28,30,0
1687768829.1313674,28,30,0
1687768829.2313719,28,30,0
1687768829.3313687,28,30,0
1687768829.4313068,28,30,0
1687768829.531372,28,30,0
1687768829.63134,28,30,0
1687768829.731378,28,30,0
1687768829.8313031,28,30,0
1687768829.931373,28,30,0
1687768830.0313714,28,30,0
1687768830.1313708,28,30,0
1687768830.2313402,28,30,0
1687768830.3313668,28,30,0
1687768830.4313507,28,30,0
1687768830.531375,28,30,0
1687768830.6313581,28,30,0
1687768830.731437,28,30,0
1687768830.8313372,28,30,0
1687768830.9313557,28,30,0
1687768831.0313349,28,30,0
1687768831.1313806,28,30,0
1687768831.231375,28,30,0
1687768831.331379,28,30,0
1687768831.4313328,28,30,0
1687768831.531344,28,30,0
1687768831.6313884,28,30,0
1687768831.7313352,28,30,0
1687768831.8313382,28,30,0
1687768831.931378,28,30,0
1687768832.0313725,28,30,0
1687768832.1313407,28,30,0
1687768832.2313468,28,30,0
1687768832.3312945,28,30,0
1687768832.4312932,28,30,0
1687768832.531377,28,30,0
1687768832.631345,28,30,0
1687768832.73134,28,30,0
1687768832.8313794,28,30,0
1687768832.9313748,28,30,0
1687768833.031341,28,30,0
1687768833.131341,28,30,0
1687768833.2313404,28,30,0
1687768833.3312352,28,30,0
1687768833.43123,28,30,0
1687768833.5312226,28,30,0
1687768833.6312258,28,30,0
1687768833.7312303,28,30,0
1687768833.8312259,28,30,0
1687768833.9312305,28,30,0
1687768834.0313401,28,30,0
1687768834.1313722,28,30,0
1687768834.2313864,28,30,0
1687768834.331315,28,30,0
1687768834.4337025,28,30,0
1687768834.53427,28,30,0
1687768834.6339712,28,30,0
1687768834.7314234,28,30,0
1687768834.8342376,28,30,0
1687768834.9313416,28,30,0
1687768835.033992,28,30,0
1687768835.1313932,28,30,0
1687768835.2339988,28,30,0
1687768835.3312297,28,30,0
1687768835.4312341,28,30,0
1687768835.5312314,28,30,0
1687768835.6312282,28,30,0
1687768835.7312303,28,30,0
1687768835.8312316,28,30,0
1687768835.9312348,28,30,0
1687768836.0313926,28,30,0
1687768836.1313894,28,30,0
1687768836.2313893,28,30,0
1687768836.3313906,28,30,0
1687768836.431357,28,30,0
1687768836.531389,28,30,0
1687768836.6313944,28,30,0
1687768836.731369,28,30,0
1687768836.8313525,28,30,0
1687768836.9313943,28,30,0
1687768837.03136,28,30,0
1687768837.1313863,28,30,0
1687768837.2313933,28,30,0
1687768837.331355,28,30,0
1687768837.4314477,28,30,0
1687768837.5312848,28,30,0
1687768837.6312363,28,30,0
1687768837.7312322,28,30,0
1687768837.8312404,28,30,0
1687768837.93124,28,30,0
1687768838.0312366,28,30,0
1687768838.131241,28,30,0
1687768838.2314017,28,30,0
1687768838.3314056,28,30,0
1687768838.4313848,28,30,0
1687768838.531358,28,30,0
1687768838.6314447,28,30,0
1687768838.7313585,28,30,0
1687768838.831357,28,30,0
1687768838.931392,28,30,0
1687768839.031352,28,30,0
1687768839.1314435,28,30,0
1687768839.2314,28,30,0
1687768839.3314073,28,30,0
1687768839.4313145,28,30,0
1687768839.531237,28,30,0
1687768839.6312375,28,30,0
1687768839.7312458,28,30,0
1687768839.8312452,28,30,0
1687768839.9312634,28,30,0
1687768840.0312471,28,30,0
1687768840.1314468,28,30,0
1687768840.231371,28,30,0
1687768840.3314006,28,30,0
1687768840.4313636,28,30,0
1687768840.5314054,28,30,0
1687768840.6313636,28,30,0
1687768840.73147,28,30,0
1687768840.8313768,28,30,0
1687768840.9313626,28,30,0
1687768841.0313501,28,30,0
1687768841.1313603,28,30,0
1687768841.2313664,28,30,0
1687768841.331415,28,30,0
1687768841.431474,28,30,0
1687768841.5313392,28,30,0
1687768841.6313496,28,30,0
1687768841.7313101,28,30,0
1687768841.8313448,28,30,0
1687768841.931369,28,30,0
1687768842.0313725,28,30,0
1687768842.1312532,28,30,0
1687768842.231268,28,30,0
1687768842.3312635,28,30,0
1687768842.4312692,28,30,0
1687768842.531275,28,30,0
1687768842.6312807,28,30,0
1687768842.7312894,28,30,0
1687768842.8312726,28,30,0
1687768842.9312522,28,30,0
1687768843.0312974,28,30,0
1687768843.131251,28,30,0
1687768843.2312653,28,30,0
1687768843.3312528,28,30,0
1687768843.4312725,28,30,0
1687768843.5312476,28,30,0
1687768843.6314032,28,30,0
1687768843.7314339,28,30,0
1687768843.831368,28,30,0
1687768843.9313307,28,30,0
1687768844.0312836,28,30,0
1687768844.1312728,28,30,0
1687768844.2312531,28,30,0
1687768844.3312962,28,30,0
1687768844.4313278,28,30,0
1687768844.531291,28,30,0
1687768844.631283,28,30,0
1687768844.731345,28,30,0
1687768844.8312721,28,30,0
1687768844.931266,28,30,0
1687768845.0313065,28,30,0
1687768845.1312764,28,30,0
1687768845.231261,28,30,0
1687768845.3313155,28,30,0
1687768845.4312842,28,30,0
1687768845.5312889,28,30,0
1687768845.6312687,28,30,0
1687768845.7312696,28,30,0
1687768845.8312929,28,30,0
1687768845.9312549,28,30,0
1687768846.0312579,28,30,0
1687768846.1312785,28,30,0
1687768846.2313128,28,30,0
1687768846.3312798,28,30,0
1687768846.4312682,28,30,0
1687768846.531261,28,30,0
1687768846.6312659,28,30,0
1687768846.7312696,28,30,0
1687768846.8312757,28,30,0
1687768846.931278,28,30,0
1687768847.0312817,28,30,0
1687768847.131283,28,30,0
1687768847.231274,28,30,0
1687768847.3312747,28,30,0
1687768847.4312665,28,30,0
1687768847.5312715,28,30,0
1687768847.631264,28,30,0
1687768847.7312977,28,30,0
1687768847.831266,28,30,0
1687768847.9312735,28,30,0
1687768848.0312972,28,30,0
1687768848.1312873,28,30,0
1687768848.2312772,28,30,0
1687768848.3312826,28,30,0
1687768848.4313095,28,30,0
1687768848.5312736,28,30,0
1687768848.6312811,28,30,0
1687768848.7312806,28,30,0
1687768848.8312793,28,30,0
1687768848.9312706,28,30,0
1687768849.031287,28,30,0
1687768849.131279,28,30,0
1687768849.2312946,28,30,0
1687768849.33127,28,30,0
1687768849.431269,28,30,0
1687768849.5312634,28,30,0
1687768851.3312695,28,30,0
1687768851.4312685,28,30,0
1687768851.5312681,28,30,0
1687768851.6312742,28,30,0
1687768851.7312915,28,30,0
1687768851.8312738,28,30,0
1687768851.931293,28,30,0
1687768852.031277,28,30,0
1687768852.1312695,28,30,0
1687768852.232847,28,30,0
1687768852.3313868,28,30,0
1687768852.4339643,28,30,0
1687768852.5313609,28,30,0
1687768852.6336963,28,30,0
1687768852.733496,28,30,0
1687768852.833851,28,30,0
1687768852.9314516,28,30,0
1687768853.0313966,28,30,0
1687768853.1333542,28,30,0
1687768853.2312696,28,30,0
1687768853.3312697,28,30,0
1687768853.4312742,28,30,0
1687768853.5312757,28,30,0
1687768853.6312757,28,30,0
1687768853.7312737,28,30,0
1687768853.8312728,28,30,0
1687768853.9314249,28,30,0
1687768854.031395,28,30,0
1687768854.1314325,28,30,0
1687768854.2313998,28,30,0
1687768854.3313959,28,30,0
1687768854.4314368,28,30,0
1687768854.5314102,28,30,0
1687768854.6312847,28,30,0
1687768854.7313173,28,30,0
1687768854.8312807,28,30,0
1687768854.931275,28,30,0
1687768855.031281,28,30,0
1687768855.1312897,28,30,0
1687768855.2312763,28,30,0
1687768855.331418,28,30,0
1687768855.4313848,28,30,0
1687768855.5314012,28,30,0
1687768855.6313813,28,30,0
1687768855.7312977,28,30,0
1687768855.8312845,28,30,0
1687768855.931275,28,30,0
1687768856.0312805,28,30,0
1687768856.1312783,28,30,0
1687768856.231281,28,30,0
1687768856.3312743,28,30,0
1687768856.4314272,28,30,0
1687768856.5313559,28,30,0
1687768856.631421,28,30,0
1687768856.7313917,28,30,0
1687768856.8313923,28,30,0
1687768856.9313867,28,30,0
1687768857.031391,28,30,0
1687768857.1314218,28,30,0
1687768857.231395,28,30,0
1687768857.3314302,28,30,0
1687768857.431396,28,30,0
1687768857.5314262,28,30,0
1687768857.6313953,28,30,0
1687768857.7313983,28,30,0
1687768857.831445,28,30,0
1687768857.9314003,28,30,0
1687768858.0314438,28,30,0
1687768858.1313987,28,30,0
1687768858.2313,28,30,0
1687768858.3312862,28,30,0
1687768858.4312885,28,30,0
1687768858.531283,28,30,0
1687768858.6313198,28,30,0
1687768858.7312834,28,30,0
1687768858.8312826,28,30,0
1687768858.9314463,28,30,0
1687768859.0314233,28,30,0
1687768859.1314526,28,30,0
1687768859.2314057,28,30,0
1687768859.3314488,28,30,0
1687768859.431402,28,30,0
1687768859.5314004,28,30,0
1687768859.6314106,28,30,0
1687768859.7314086,28,30,0
1687768859.8314033,28,30,0
1687768859.9314065,28,30,0
1687768860.031407,28,30,0
1687768860.1314092,28,30,0
1687768860.2314453,28,30,0
1687768860.3312883,28,30,0
1687768860.431288,28,30,0
1687768860.5312896,28,30,0
1687768860.631297,28,30,0
1687768860.7312913,28,30,0
1687768860.831294,28,30,0
1687768860.931293,28,30,0
1687768861.0314467,28,30,0
1687768861.1314077,28,30,0
1687768861.2313802,28,30,0
1687768861.3314078,28,30,0
1687768861.4314518,28,30,0
1687768861.5314214,28,30,0
1687768861.6314564,28,30,0
1687768861.7313993,28,30,0
1687768861.8313181,28,30,0
1687768861.9312956,28,30,0
1687768862.0313003,28,30,0
1687768862.1313012,28,30,0
1687768862.2313015,28,30,0
1687768862.331292,28,30,0
1687768862.4313016,28,30,0
1687768862.5314705,28,30,0
1687768862.6314127,28,30,0
1687768862.731409,28,30,0
1687768862.8313854,28,30,0
1687768862.9314067,28,30,0
1687768863.0314102,28,30,0
1687768863.131416,28,30,0
1687768863.2314208,28,30,0
1687768863.3314154,28,30,0
1687768863.4314175,28,30,0
1687768863.531469,28,30,0
1687768863.6313126,28,30,0
1687768863.731311,28,30,0
1687768863.8313003,28,30,0
1687768863.9312959,28,30,0
1687768864.0313082,28,30,0
1687768864.131312,28,30,0
1687768864.23131,28,30,0
1687768864.3314154,28,30,0
1687768864.4314585,28,30,0
1687768864.5313053,28,30,0
1687768864.6313398,28,30,0
1687768864.7313352,28,30,0
1687768864.8313243,28,30,0
1687768864.9313097,28,30,0
1687768865.0313199,28,30,0
1687768865.1313086,28,30,0
1687768865.2313101,28,30,0
1687768865.3312972,28,30,0
1687768865.431308,28,30,0
1687768865.5313041,28,30,0
1687768865.6313086,28,30,0
1687768865.7313075,28,30,0
1687768865.8313067,28,30,0
1687768865.9313006,28,30,0
1687768866.0314612,28,30,0
1687768866.1314466,28,30,0
1687768866.231418,28,30,0
1687768866.3314438,28,30,0
1687768866.4313352,28,30,0
1687768866.5313213,28,30,0
1687768866.6313353,28,30,0
1687768866.7313125,28,30,0
1687768866.831313,28,30,0
1687768866.9313068,28,30,0
1687768867.0313146,28,30,0
1687768867.1313689,28,30,0
1687768867.2314382,28,30,0
1687768867.3313131,28,30,0
1687768867.4313524,28,30,0
1687768867.5313315,28,30,0
1687768867.6313322,28,30,0
1687768867.731312,28,30,0
1687768867.831311,28,30,0
1687768867.9313114,28,30,0
1687768868.031312,28,30,0
1687768868.1313367,28,30,0
1687768868.2313294,28,30,0
1687768868.3313398,28,30,0
1687768868.4313443,28,30,0
1687768868.53132,28,30,0
1687768868.6313097,28,30,0
1687768868.7314062,28,30,0
1687768870.2313187,28,30,0
1687768870.3313136,28,30,0
1687768870.4313192,28,30,0
1687768870.5313103,28,30,0
1687768870.6313162,28,30,0
1687768870.731318,28,30,0
1687768870.8313153,28,30,0
1687768870.9313126,28,30,0
1687768871.0313177,28,30,0
1687768871.1314783,28,30,0
1687768871.2314394,28,30,0
1687768871.3314283,28,30,0
1687768871.431437,28,30,0
1687768871.5314379,28,30,0
1687768871.6314304,28,30,0
1687768871.731326,28,30,0
1687768871.831322,28,30,0
1687768871.931358,28,30,0
1687768872.0313292,28,30,0
1687768872.1313195,28,30,0
1687768872.2313228,28,30,0
1687768872.3313253,28,30,0
1687768872.4314709,28,30,0
1687768872.5314476,28,30,0
1687768872.6313171,28,30,0
1687768872.731325,28,30,0
1687768872.8313212,28,30,0
1687768872.9313357,28,30,0
1687768873.0313191,28,30,0
1687768873.131322,28,30,0
1687768873.231322,28,30,0
1687768873.3313205,28,30,0
1687768873.4314816,28,30,0
1687768873.5314412,28,30,0
1687768873.631496,28,30,0
1687768873.7314382,28,30,0
1687768873.831414,28,30,0
1687768873.931392,28,30,0
1687768874.0314457,28,30,0
1687768874.1314406,28,30,0
1687768874.2314436,28,30,0
1687768874.3314188,28,30,0
1687768874.4314506,28,30,0
1687768874.5314333,28,30,0
1687768874.6314654,28,30,0
1687768874.7314706,28,30,0
1687768874.8313353,28,30,0
1687768874.9313233,28,30,0
1687768875.03133,28,30,0
1687768875.131326,28,30,0
1687768875.23133,28,30,0
1687768875.3313239,28,30,0
1687768875.4313338,28,30,0
1687768875.5314455,28,30,0
1687768875.6314588,28,30,0
1687768875.731445,28,30,0
1687768875.8314729,28,30,0
1687768875.9314702,28,30,0
1687768876.0314257,28,30,0
1687768876.1314476,28,30,0
1687768876.2314856,28,30,0
1687768876.3314486,28,30,0
1687768876.4314852,28,30,0
1687768876.5314488,28,30,0
1687768876.6314895,28,30,0
1687768876.731448,28,30,0
1687768876.8314736,28,30,0
1687768876.9314854,28,30,0
1687768877.0314336,28,30,0
1687768877.1314526,28,30,0
1687768877.2314522,28,30,0
1687768877.3314412,28,30,0
1687768877.4314842,28,30,0
1687768877.5314558,28,30,0
1687768877.6314266,28,30,0
1687768877.7314878,28,30,0
1687768877.831422,28,30,0
1687768877.931452,28,30,0
1687768878.0314522,28,30,0
1687768878.1314862,28,30,0
1687768878.231487,28,30,0
1687768878.3314464,28,30,0
1687768878.4314568,28,30,0
1687768878.5313365,28,30,0
1687768878.6313426,28,30,0
1687768878.731337,28,30,0
1687768878.8313353,28,30,0
1687768878.9313354,28,30,0
1687768879.0313501,28,30,0
1687768879.1313374,28,30,0
1687768879.2314985,28,30,0
1687768879.3314567,28,30,0
1687768879.431454,28,30,0
1687768879.5314531,28,30,0
1687768879.6314933,28,30,0
1687768879.7315114,28,30,0
1687768879.8314872,28,30,0
1687768879.931494,28,30,0
1687768880.031433,28,30,0
1687768880.1314988,28,30,0
1687768880.231455,28,30,0
1687768880.331476,28,30,0
1687768880.4314907,28,30,0
1687768880.5314553,28,30,0
1687768880.631466,28,30,0
1687768880.7314627,28,30,0
1687768880.8314722,28,30,0
1687768880.9340343,28,30,0
1687768881.0344517,28,30,0
1687768881.1340072,28,30,0
1687768881.233866,28,30,0
1687768881.3315125,28,30,0
1687768881.4314559,28,30,0
1687768881.531446,28,30,0
1687768881.6314447,28,30,0
1687768881.7314427,28,30,0
1687768881.8341336,28,30,0
1687768881.9314895,28,30,0
1687768882.0315185,28,30,0
1687768882.131487,28,30,0
1687768882.2314491,28,30,0
1687768882.331349,28,30,0
1687768882.4313447,28,30,0
1687768882.531365,28,30,0
1687768882.6313493,28,30,0
1687768882.731382,28,30,0
1687768882.8313394,28,30,0
1687768882.9313533,28,30,0
1687768883.0315104,28,30,0
1687768883.131435,28,30,0
1687768883.2314837,28,30,0
1687768883.3314898,28,30,0
1687768883.4314473,28,30,0
1687768883.531453,28,30,0
1687768883.6314833,28,30,0
1687768883.7314487,28,30,0
1687768883.831477,28,30,0
1687768883.9314816,28,30,0
1687768884.0314596,28,30,0
1687768884.131483,28,30,0
1687768884.2314785,28,30,0
1687768884.3314545,28,30,0
1687768884.4314787,28,30,0
1687768884.5314627,28,30,0
1687768884.63151,28,25,0
1687768884.7314818,28,25,0
1687768884.8314698,28,25,0
1687768884.9314687,28,25,0
1687768885.0314946,28,25,0
1687768885.1314785,28,25,0
1687768885.2314935,28,25,0
1687768885.3314831,28,25,0
1687768885.4314916,28,25,0
1687768885.5314603,28,25,0
1687768885.6313622,28,25,0
1687768885.731359,28,25,0
1687768885.831369,28,25,0
1687768885.931355,28,25,0
1687768886.0313487,28,30,0
1687768886.1313455,28,25,0
1687768886.2313585,28,25,0
1687768886.33154,28,25,0
1687768886.431472,28,30,0
1687768886.53146,28,30,0
1687768886.6315072,28,30,0
1687768886.731469,28,30,0
1687768886.8314984,28,30,0
1687768886.9314616,28,30,0
1687768887.0315819,28,30,0
1687768887.1315453,28,30,0
1687768887.2314794,28,30,0
1687768887.331481,28,30,0
1687768887.4314747,28,30,0
1687768887.5314565,28,30,0
1687768887.631491,28,30,0
1687768887.731437,28,30,0
1687768887.8314407,28,30,2
1687768887.9314675,28,30,4
1687768888.0315118,28,30,4
1687768888.1314566,28,30,4
1687768888.2314506,28,30,4
1687768888.331432,28,30,4
1687768888.431493,28,30,4
1687768888.5314395,28,30,4
1687768888.6314533,28,30,4
1687768888.7314887,28,30,5
1687768888.8314664,28,30,7
1687768888.93159,28,30,7
1687768889.0315201,28,30,7
1687768889.1314912,28,30,7
1687768889.23147,28,30,7
1687768889.3314943,28,30,8
1687768889.4314547,28,30,9
1687768889.531457,28,30,11
1687768889.636635,28,30,11
1687768889.7341907,28,30,11
1687768889.8315153,28,30,11
1687768889.9314883,28,30,11
1687768890.0314655,28,30,11
1687768890.1314676,28,30,11
1687768890.2314897,28,30,11
1687768890.3339074,28,30,11
1687768890.4339583,28,30,11
1687768890.5315504,28,30,11
1687768890.6338677,28,30,11
1687768890.7314823,28,30,11
1687768890.8314893,28,30,11
1687768890.9314694,28,30,11
1687768891.0314693,28,30,11
1687768891.131469,28,30,11
1687768891.2314773,28,30,11
1687768891.3314714,28,30,11
1687768891.4314811,28,30,11
1687768891.5314858,28,30,11
1687768891.6314912,28,30,11
1687768891.731376,28,30,11
1687768891.8313608,28,30,11
1687768891.9313533,28,30,11
1687768892.031365,28,30,11
1687768892.1313555,28,30,11
1687768892.2313745,28,30,11
1687768892.33136,28,30,11
1687768892.4315064,28,30,11
1687768892.5314887,28,30,11
1687768892.631536,28,30,11
1687768892.731463,28,30,11
1687768892.8314905,28,30,11
1687768892.9315012,28,30,11
1687768893.0315213,28,30,11
1687768893.1314638,28,30,12
1687768893.2314901,28,30,13
1687768893.3314645,28,30,14
1687768893.431458,28,30,14
1687768893.5314648,28,30,14
1687768893.631476,28,30,14
1687768893.731474,28,30,14
1687768893.8315032,28,30,14
1687768893.9314878,28,30,14
1687768894.0314817,28,30,17
1687768894.1314685,28,30,21
1687768894.2314968,28,30,21
1687768894.331452,28,30,21
1687768894.4314609,28,30,21
1687768894.5314763,28,30,21
1687768894.6315012,28,30,21
1687768894.7314508,28,30,21
1687768894.8315396,28,30,21
1687768894.931493,28,30,21
1687768895.0315104,28,30,21
1687768895.1314673,28,30,21
1687768895.2314498,28,30,21
1687768895.3315113,28,30,21
1687768895.431396,28,30,21
1687768895.5313644,28,30,21
1687768895.6313648,28,30,21
1687768895.7313633,28,30,21
1687768895.831371,28,30,21
1687768895.9313643,28,30,21
1687768896.031354,28,30,21
1687768896.1314974,28,30,21
1687768896.2314968,28,30,21
1687768896.3315537,28,30,21
1687768896.431455,28,30,21
1687768896.5315123,28,30,21
1687768896.6314986,28,30,19
1687768896.7314684,28,30,5
1687768896.831477,28,30,0
1687768896.9315863,28,30,0
1687768897.0314877,28,30,0
1687768897.131399,28,30,0
1687768897.2314203,28,30,0
1687768897.3313825,28,30,0
1687768897.431377,28,30,0
1687768897.531377,28,30,0
1687768897.6313763,28,30,0
1687768897.731371,28,30,0
1687768897.8315325,28,30,0
1687768897.9315782,28,30,0
1687768898.0314608,28,30,0
1687768898.131516,28,30,0
1687768898.2315786,28,30,0
1687768898.331495,28,30,0
1687768898.4314992,28,30,0
1687768898.5315013,28,30,0
1687768898.6315324,28,30,0
1687768898.7315295,28,30,0
1687768898.8314934,28,30,0
1687768898.9315348,28,30,0
1687768899.0314724,28,30,0
1687768899.131579,28,30,0
1687768899.233465,28,30,0
1687768899.334403,28,30,0
1687768899.4316056,28,30,0
1687768899.5342555,28,30,0
1687768899.6341515,28,30,0
1687768899.7346523,28,30,0
1687768899.8313854,28,30,0
1687768899.9313831,28,30,0
1687768900.0313878,28,30,0
1687768900.131394,28,30,0
1687768900.231392,28,30,0
1687768900.3313828,28,30,0
1687768900.43139,28,30,0
1687768900.531502,28,30,0
1687768900.6315217,28,30,0
1687768900.731491,28,30,0
1687768900.8314915,28,30,0
1687768900.9315705,28,30,0
1687768901.031527,28,30,0
1687768901.131496,28,30,0
1687768901.2315083,28,30,0
1687768901.3315015,28,30,0
1687768901.4315233,28,30,0
1687768901.5315084,28,30,0
1687768901.631524,28,30,0
1687768901.7314982,28,30,0
1687768901.831515,28,30,0
1687768901.9315045,28,30,0
1687768902.0315316,28,30,0
1687768902.1315186,28,30,0
1687768902.231524,28,30,0
1687768902.331523,28,30,0
1687768902.4315314,28,30,0
1687768902.5315325,28,30,0
1687768902.6315155,28,30,0
1687768902.731517,28,30,0
1687768902.831538,28,30,0
1687768902.931499,28,30,0
1687768903.0315623,28,30,0
1687768903.1315067,28,30,0
1687768903.2315087,28,30,0
1687768903.331497,28,30,0
1687768903.4315069,28,30,0
1687768903.5315707,28,30,0
1687768903.6315215,28,30,0
1687768903.7315648,28,30,0
1687768903.8314767,28,30,0
1687768903.9314032,28,30,0
1687768904.0314054,28,30,0
1687768904.131399,28,30,0
1687768904.2313936,28,30,0
1687768904.3314102,28,30,0
1687768904.4313936,28,30,0
1687768904.5313957,28,30,0
1687768904.6315374,28,30,0
1687768904.7315347,28,30,0
1687768904.831504,28,30,0
1687768904.9315066,28,30,0
1687768905.03151,28,30,0
1687768905.1315143,28,30,0
1687768905.23151,28,30,0
1687768905.3314197,28,30,0
1687768905.431395,28,30,0
1687768905.5314052,28,30,0
1687768905.6314049,28,30,0
1687768905.7314143,28,30,0
1687768905.831398,28,30,0
1687768905.9313989,28,30,0
1687768906.0315146,28,30,0
1687768906.1314616,28,30,0
1687768906.2315452,28,30,0
1687768906.3315396,28,30,0
1687768906.4315221,28,30,0
1687768906.5315127,28,30,0
1687768906.6315172,28,30,0
1687768906.7315202,28,30,0
1687768906.8314881,28,30,0
1687768906.9315581,28,30,0
1687768907.031521,28,30,0
1687768907.1315181,28,30,0
1687768907.2315297,28,30,0
1687768907.331517,28,30,0
1687768907.4315224,28,30,0
1687768907.531522,28,30,0
1687768907.6315198,28,30,0
1687768907.731557,28,30,0
1687768907.8314915,28,30,0
1687768907.9314957,28,30,0
1687768908.0338519,28,30,0
1687768908.1327012,28,30,0
1687768908.2315135,28,30,0
1687768908.33425,28,30,0
1687768908.431554,28,30,0
1687768908.5349278,28,30,0
1687768908.631559,28,30,0
1687768908.7314036,28,30,0
1687768908.831404,28,30,0
1687768908.9314127,28,30,0
1687768909.03141,28,30,0
1687768909.1314025,28,30,0
1687768909.2314036,28,30,0
1687768909.3313966,28,30,0
1687768909.4315543,28,30,0
1687768909.5315416,28,30,0
1687768909.631556,28,30,0
1687768909.731561,28,30,0
1687768909.8315597,28,30,0
1687768909.9315434,28,30,0
1687768910.031575,28,30,0
1687768910.1314964,28,30,0
1687768910.231548,28,30,0
1687768910.3315923,28,30,0
1687768910.4315052,28,30,0
1687768910.531417,28,30,0
1687768910.631412,28,30,0
1687768910.7314076,28,30,0
1687768910.8314123,28,30,0
1687768910.9314003,28,30,0
1687768911.0314133,28,30,0
1687768911.1314204,28,30,0
1687768911.231637,28,30,0
1687768911.3315501,28,30,0
1687768911.431521,28,30,0
1687768911.5315807,28,30,0
1687768911.6314945,28,30,0
1687768911.7315257,28,30,0
1687768911.8315294,28,30,0
1687768911.9315305,28,30,0
1687768912.0315816,28,30,0
1687768912.1315148,28,30,0
1687768912.2315052,28,30,0
1687768912.3315353,28,30,0
1687768912.431558,28,30,0
1687768912.5315297,28,30,0
1687768912.6315656,28,30,0
1687768912.73154,28,30,0
1687768912.831534,28,30,0
1687768912.9315183,28,30,0
1687768913.0315764,28,30,0
1687768913.1315389,28,30,0
1687768913.2315273,28,30,0
1687768913.3315272,28,30,0
1687768913.4315543,28,30,0
1687768913.5315483,28,30,0
1687768913.631534,28,30,0
1687768913.731494,28,30,0
1687768913.8314128,28,30,0
1687768913.9314108,28,30,0
1687768914.0314221,28,30,0
1687768914.131438,28,30,0
1687768914.2314165,28,30,0
1687768914.3314154,28,30,0
1687768914.431417,28,30,0
1687768914.531578,28,30,0
1687768914.6315527,28,30,0
1687768914.7315366,28,30,0
1687768914.831501,28,30,0
1687768914.9315295,28,30,0
1687768915.0315375,28,30,0
1687768915.131554,28,30,0
1687768915.231422,28,30,0
1687768915.3314123,28,30,0
1687768915.431418,28,30,0
1687768915.5314264,28,30,0
1687768915.6314206,28,30,0
1687768915.731426,28,30,0
1687768915.8314145,28,30,0
1687768915.9316454,28,30,0
1687768916.0315437,28,30,0
1687768916.1315036,28,30,0
1687768916.231539,28,30,0
1687768916.3315687,28,30,0
1687768916.4314837,28,30,0
1687768916.5315754,28,30,0
1687768916.631551,28,30,0
1687768916.7315705,28,30,0
1687768916.8315167,28,30,0
1687768916.9315438,28,30,0
1687768917.0316107,28,30,0
1687768917.1315246,28,30,0
1687768917.2315066,28,30,0
1687768917.3315587,28,30,0
1687768917.4315393,28,30,0
1687768917.5315251,28,30,0
1687768917.6315842,28,30,0
1687768917.731544,28,30,0
1687768917.8315926,28,30,0
1687768917.9315085,28,30,0
1687768918.0315084,28,30,0
1687768918.131539,28,30,0
1687768918.2315588,28,30,0
1687768918.331538,28,30,0
1687768918.4315426,28,30,0
1687768918.5315578,28,30,0
1687768918.6315246,28,30,0
1687768918.7315466,28,30,0
1687768918.831501,28,30,0
1687768918.931478,28,30,0
1687768919.03143,28,30,0
1687768919.131434,28,30,0
1687768919.2314296,28,30,0
1687768919.331447,28,30,0
1687768919.4314268,28,30,0
1687768919.5314507,28,30,0
1687768919.6314323,28,30,0
1687768919.731578,28,30,0
1687768919.831549,28,30,0
1687768919.9315202,28,30,0
1687768920.0315218,28,30,0
1687768920.1315486,28,30,0
1687768920.231555,28,30,0
1687768920.3315663,28,30,0
1687768920.431561,28,30,0
1687768920.531558,28,30,0
1687768920.631543,28,30,0
1687768920.7315423,28,30,0
1687768920.8315527,28,30,0
1687768920.9315503,28,30,0
1687768921.0315194,28,30,0
1687768921.1315346,28,30,0
1687768921.2315633,28,30,0
1687768921.3315446,28,30,0
1687768921.4315584,28,30,0
1687768921.5315263,28,30,0
1687768921.63159,28,30,0
1687768921.7315013,28,30,0
1687768921.8314764,28,30,0
1687768921.931429,28,30,0
1687768922.0314498,28,30,0
1687768922.131434,28,30,0
1687768922.231433,28,30,0
1687768922.331438,28,30,0
1687768922.4314392,28,30,0
1687768922.5315876,28,30,0
1687768922.6314745,28,30,0
1687768922.7315044,28,30,0
1687768922.8314378,28,30,0
1687768922.931439,28,30,0
1687768923.031445,28,30,0
1687768923.1314344,28,30,0
1687768923.231442,28,30,0
1687768923.3315506,28,30,0
1687768923.4315565,28,30,0
1687768923.5315766,28,30,0
1687768923.631581,28,30,0
1687768923.7315536,28,30,0
1687768923.8314342,28,30,0
1687768923.9314737,28,30,0
1687768924.0314453,28,30,0
1687768924.1314373,28,30,0
1687768924.2314472,28,30,0
1687768924.3314362,28,30,0
1687768924.431441,28,30,0
1687768924.5316005,28,30,0
1687768924.6315625,28,30,0
1687768924.7315886,28,30,0
1687768924.8315728,28,30,0
1687768924.9315338,28,30,0
1687768925.0316026,28,30,0
1687768925.1315358,28,30,0
1687768925.2315552,28,30,0
1687768925.331557,28,30,0
1687768925.4315631,28,30,0
1687768925.5316045,28,30,0
1687768925.631586,28,30,0
1687768925.7315788,28,30,0
1687768925.831453,28,30,0
1687768925.9314451,28,30,0
1687768926.03145,28,30,0
1687768926.1314442,28,30,0
1687768926.231445,28,30,0
1687768926.3314512,28,30,0
1687768926.4314523,28,30,0
1687768926.5316231,28,30,0
1687768926.6315327,28,30,0
1687768926.731445,28,30,0
1687768926.8314512,28,30,0
1687768926.9314451,28,30,0
1687768927.0314567,28,30,0
1687768927.1314511,28,30,0
1687768927.2314477,28,30,0
1687768927.3314419,28,30,0
1687768927.4316032,28,30,0
1687768927.5316188,28,30,0
1687768927.6315315,28,30,0
1687768927.7339191,28,30,0
1687768927.8316207,28,30,0
1687768927.9336658,28,30,0
1687768928.0314517,28,30,0
1687768928.1314409,28,30,0
1687768928.2314477,28,30,0
1687768928.3314404,28,30,0
1687768928.4314463,28,30,0
1687768928.5314457,28,30,0
1687768928.6314428,28,30,0
1687768928.7315736,28,30,0
1687768928.8314488,28,30,0
1687768928.9314442,28,30,0
1687768929.0314784,28,30,0
1687768929.1314447,28,30,0
1687768929.2314475,28,30,0
1687768929.33145,28,30,0
1687768929.431451,28,30,0
1687768929.531574,28,30,0
1687768929.6315956,28,30,0
1687768929.7315621,28,30,0
1687768929.8315344,28,30,0
1687768929.9315562,28,30,0
1687768930.0315757,28,30,0
1687768930.131565,28,30,0
1687768930.231572,28,30,0
1687768930.331571,28,30,0
1687768930.43161,28,30,0
1687768930.5315766,28,30,0
1687768930.631557,28,30,0
1687768930.7315757,28,30,0
1687768930.8315651,28,30,0
1687768930.931453,28,30,0
1687768931.031466,28,30,0
1687768931.1314588,28,30,0
1687768931.231464,28,30,0
1687768931.3314764,28,30,0
1687768931.4314642,28,30,0
1687768931.531473,28,30,0
1687768931.631613,28,30,0
1687768931.731566,28,30,0
1687768931.8315747,28,30,0
1687768931.9315982,28,30,0
1687768932.031594,28,30,0
1687768932.1315777,28,30,0
1687768932.231578,28,30,0
1687768932.331576,28,30,0
1687768932.4315753,28,30,0
1687768932.531582,28,30,0
1687768932.6315808,28,30,0
1687768932.7315779,28,30,0
1687768932.8315816,28,30,0
1687768932.931586,28,30,0
1687768933.0315578,28,30,0
1687768933.1315804,28,30,0
1687768933.2315676,28,30,0
1687768933.3315718,28,30,0
1687768933.4315786,28,30,0
1687768933.531587,28,30,0
1687768933.6315851,28,30,0
1687768933.731573,28,30,0
1687768933.8315783,28,30,0
1687768933.9315753,28,30,0
1687768934.031579,28,30,0
1687768934.1315978,28,30,0
1687768934.23156,28,30,0
1687768934.331584,28,25,0
1687768934.4315817,28,30,0
1687768934.5315945,28,30,0
1687768934.6314895,28,30,0
1687768934.731466,28,30,0
1687768934.8314838,28,30,0
1687768934.9314551,28,30,0
1687768935.0315397,28,30,0
1687768935.1314704,28,30,0
1687768935.2314692,28,30,0
1687768935.3316197,28,30,0
1687768935.4315813,28,30,0
1687768935.5315888,28,30,0
1687768935.6315844,28,30,0
1687768935.7316155,28,30,0
1687768935.8315601,28,30,0
1687768935.9315534,28,30,0
1687768936.031618,28,30,0
1687768936.1315773,28,30,0
1687768936.2316077,28,30,0
1687768936.3316717,28,30,0
1687768936.4315383,28,30,0
1687768936.531464,28,30,0
1687768936.6314685,28,30,0
1687768936.7314665,28,30,0
1687768936.8314779,28,30,0
1687768936.9314659,28,30,0
1687768937.0315013,28,30,0
1687768937.1314723,28,30,0
1687768937.2331548,28,30,0
1687768937.3342717,28,30,0
1687768937.4338756,28,30,0
1687768937.5341923,28,30,0
1687768937.6344986,28,30,0
1687768937.7339344,28,30,0
1687768937.8315961,28,30,0
1687768937.9341018,28,30,0
1687768938.0339592,28,30,0
1687768938.1344001,28,30,0
1687768938.2338698,28,30,0
1687768938.334349,28,30,0
1687768938.4335845,28,30,0
1687768938.531597,28,30,0
1687768938.63431,28,30,0
1687768938.7315636,28,30,0
1687768938.8316026,28,30,0
1687768938.9315917,28,30,0
1687768939.0315998,28,30,0
1687768939.131581,28,30,0
1687768939.2316105,28,30,0
1687768939.3315918,28,30,0
1687768939.431601,28,30,0
1687768939.5316079,28,30,0
1687768939.6315558,28,30,0
1687768939.7315602,28,30,0
1687768939.8314734,28,30,0
1687768939.931482,28,30,0
1687768940.031488,28,30,0
1687768940.1314757,28,30,0
1687768940.231479,28,30,0
1687768940.3314743,28,30,0
1687768940.4314766,28,30,0
1687768940.5316353,28,30,0
1687768940.6315928,28,30,0
1687768940.7316046,28,30,0
1687768940.8316197,28,30,0
1687768940.9315677,28,30,0
1687768941.0316055,28,30,0
1687768941.1316104,28,30,0
1687768941.2315981,28,30,0
1687768941.3316226,28,30,0
1687768941.4315987,28,30,0
1687768941.5315897,28,30,0
1687768941.6316054,28,30,0
1687768941.7316012,28,30,0
1687768941.8316305,28,30,0
1687768941.9315982,28,30,0
1687768942.031623,28,30,0
1687768942.131576,28,30,0
1687768942.2316575,28,30,0
1687768942.3316004,28,30,0
1687768942.4316027,28,30,0
1687768942.5316095,28,30,0
1687768942.631604,28,30,0
1687768942.7315717,28,30,0
1687768942.8316426,28,30,0
1687768942.9315698,28,30,0
1687768943.0316396,28,30,0
1687768943.131607,28,30,0
1687768943.2316144,28,30,0
1687768943.331603,28,30,0
1687768943.4316697,28,30,0
1687768943.5315776,28,30,0
1687768943.6316733,28,30,0
1687768943.7314837,28,30,0
1687768943.831491,28,30,0
1687768943.9314902,28,30,0
1687768944.0314972,28,30,0
1687768944.1314857,28,30,0
1687768944.231493,28,30,0
1687768944.3314807,28,30,0
1687768944.431679,28,30,0
1687768944.5315788,28,30,0
1687768944.6316087,28,30,0
1687768944.7316082,28,30,0
1687768944.831581,28,30,0
1687768944.9316683,28,30,0
1687768945.031612,28,30,0
1687768945.131601,28,30,0
1687768945.231556,28,30,0
1687768945.3316114,28,30,0
1687768945.4316106,28,30,0
1687768945.531612,28,30,0
1687768945.6316104,28,30,0
1687768945.731577,28,30,0
1687768945.831653,28,30,0
1687768945.9316003,28,30,0
1687768946.0316155,28,30,0
1687768946.1316924,28,30,0
1687768946.2316723,28,30,0
1687768946.3315547,28,30,0
1687768946.4315114,28,30,0
1687768946.5314941,28,30,0
1687768946.6314902,28,30,0
1687768946.731501,28,30,0
1687768946.831488,28,30,0
1687768946.9314902,28,30,0
1687768947.031698,28,30,0
1687768947.1316197,28,30,0
1687768947.2315876,28,30,0
1687768947.3316035,28,30,0
1687768947.4316087,28,30,0
1687768947.5316095,28,30,0
1687768947.6316147,28,30,0
1687768947.7316725,28,30,0
1687768947.8314908,28,30,0
1687768947.9314964,28,30,0
1687768948.0315013,28,30,0
1687768948.1314898,28,30,0
1687768948.2314894,28,30,0
1687768948.3314962,28,30,0
1687768948.431494,28,30,0
1687768948.531662,28,30,0
1687768948.6315634,28,30,0
1687768948.7316782,28,30,0
1687768948.8316495,28,30,0
1687768948.9315984,28,30,0
1687768949.0316174,28,30,0
1687768949.1316166,28,30,0
1687768949.2327268,28,30,0
1687768949.3338678,28,30,0
1687768949.4341006,28,30,0
1687768949.5316045,28,30,0
1687768949.6316307,28,30,0
1687768949.7316022,28,30,0
1687768949.831727,28,30,0
1687768949.9344604,28,30,0
1687768950.031588,28,30,0
1687768950.131591,28,30,0
1687768950.2316225,28,30,0
1687768950.3340168,28,30,0
1687768950.431617,28,30,0
1687768950.534276,28,30,0
1687768950.6315956,28,30,0
1687768950.7316043,28,30,0
1687768950.831654,28,30,0
1687768950.9316258,28,30,0
1687768951.0316744,28,30,0
1687768951.1316655,28,30,0
1687768951.2316,28,30,0
1687768951.331598,28,30,0
1687768951.4315038,28,30,0
1687768951.5315053,28,30,0
1687768951.6315,28,30,0
1687768951.731513,28,30,0
1687768951.8315115,28,30,0
1687768951.9315014,28,30,0
1687768952.0315263,28,30,0
1687768952.1316774,28,30,0
1687768952.2315934,28,30,0
1687768952.331594,28,30,0
1687768952.4316258,28,30,0
1687768952.5316374,28,30,0
1687768952.6316297,28,30,0
1687768952.7315228,28,30,0
1687768952.8315477,28,30,0
1687768952.9315097,28,30,0
1687768953.0315037,28,30,0
1687768953.1315005,28,30,0
1687768953.2316148,28,30,0
1687768953.331499,28,30,0
1687768953.4316113,28,30,0
1687768953.5316324,28,30,0
1687768953.6315947,28,30,0
1687768953.7316132,28,30,0
1687768953.831629,28,30,0
1687768953.9316459,28,30,0
1687768954.031622,28,30,0
1687768954.131594,28,30,0
1687768954.2315984,28,30,0
1687768954.3316333,28,30,0
1687768954.431624,28,30,0
1687768954.5316055,28,30,0
1687768954.631628,28,30,0
1687768954.731596,28,30,0
1687768954.831623,28,30,0
1687768954.9316,28,30,0
1687768955.0316505,28,30,0
1687768955.1315997,28,30,0
1687768955.2316241,28,30,0
1687768955.3315089,28,30,0
1687768955.4315152,28,30,0
1687768955.5315168,28,30,0
1687768955.631525,28,30,0
1687768955.7315087,28,30,0
1687768955.831512,28,30,0
1687768955.9315143,28,30,0
1687768956.031699,28,30,0
1687768956.131605,28,30,0
1687768956.231634,28,30,0
1687768956.331668,28,30,0
1687768956.4316468,28,30,0
1687768956.531607,28,30,0
1687768956.6316772,28,30,0
1687768956.7316716,28,30,0
1687768956.8316238,28,30,0
1687768956.93163,28,30,0
1687768957.0317228,28,30,0
1687768957.1316366,28,30,0
1687768957.2315166,28,30,0
1687768957.3315103,28,30,0
1687768957.4315112,28,30,0
1687768957.5315206,28,30,0
1687768957.6315176,28,30,0
1687768957.731517,28,30,0
1687768957.8315198,28,30,0
1687768957.9316876,28,30,0
1687768958.0316963,28,30,0
1687768958.1316018,28,30,0
1687768958.2317266,28,30,0
1687768958.3317332,28,30,0
1687768958.4315264,28,30,0
1687768958.5315206,28,30,0
1687768958.6315212,28,30,0
1687768958.7315183,28,30,0
1687768958.8315256,28,30,0
1687768958.9315126,28,30,0
1687768959.0315192,28,30,0
1687768959.1315289,28,30,0
1687768959.2317297,28,30,0
1687768959.3316097,28,30,0
1687768959.4316766,28,30,0
1687768959.5317135,28,30,0
1687768959.6316345,28,30,0
1687768959.7317588,28,30,0
1687768959.8315325,28,30,0
1687768959.9315164,28,30,0
1687768960.0315256,28,30,0
1687768960.1315184,28,30,0
1687768960.2315714,28,30,0
1687768960.3315182,28,30,0
1687768960.4315233,28,30,0
1687768960.5317218,28,30,0
1687768960.6316175,28,30,0
1687768960.731617,28,30,0
1687768960.831634,28,30,0
1687768960.9315193,28,30,0
1687768961.0315235,28,30,0
1687768961.1315222,28,30,0
1687768961.2315247,28,30,0
1687768961.3315191,28,30,0
1687768961.4315224,28,30,0
1687768961.5315251,28,30,0
1687768961.6316872,28,30,0
1687768961.7316062,28,30,0
1687768961.8316665,28,30,0
1687768961.931622,28,30,0
1687768962.0316913,28,30,0
1687768962.1316373,28,30,0
1687768962.2316256,28,30,0
1687768962.3316605,28,30,0
1687768962.4316685,28,30,0
1687768962.5316494,28,30,0
1687768962.6316512,28,30,0
1687768962.7316527,28,30,0
1687768962.8316467,28,30,0
1687768962.93174,28,30,0
1687768963.0316312,28,30,0
1687768963.1316473,28,30,0
1687768963.2316515,28,30,0
1687768963.331626,28,30,0
1687768963.4316685,28,30,0
1687768963.5316453,28,30,0
1687768963.6316798,28,30,0
1687768963.7316039,28,30,0
1687768963.8316503,28,30,0
1687768963.93169,28,30,0
1687768964.0316517,28,30,0
1687768964.1316795,28,30,0
1687768964.2316437,28,30,0
1687768964.3316905,28,30,0
1687768964.4316149,28,30,0
1687768964.531707,28,30,0
1687768964.6316233,28,30,0
1687768964.731644,28,30,0
1687768964.831623,28,30,0
1687768964.9316893,28,30,0
1687768965.0316904,28,30,0
1687768965.1316109,28,30,0
1687768965.2316153,28,30,0
1687768965.3316433,28,30,0
1687768965.4315963,28,30,0
1687768965.5316129,28,30,0
1687768965.6315358,28,30,0
1687768965.7315397,28,30,0
1687768965.8315353,28,30,0
1687768965.931534,28,30,0
1687768966.0315356,28,30,0
1687768966.1315386,28,30,0
1687768966.2315364,28,30,0
1687768966.332209,28,30,0
1687768966.434511,28,30,0
1687768966.5341892,28,30,0
1687768966.6316247,28,30,0
1687768966.7316291,28,30,0
1687768966.8340662,28,30,0
1687768966.9344769,28,30,0
1687768967.031646,28,30,0
1687768967.1339784,28,30,0
1687768967.2342384,28,30,0
1687768967.3316298,28,30,0
1687768967.4316592,28,30,0
1687768967.5317085,28,30,0
1687768967.6316316,28,30,0
1687768967.7316282,28,30,0
1687768967.8316636,28,30,0
1687768967.93169,28,30,0
1687768968.0316405,28,30,0
1687768968.1316743,28,30,0
1687768968.231683,28,30,0
1687768968.3317275,28,30,0
1687768968.431624,28,30,0
1687768968.5316458,28,30,0
1687768968.6316903,28,30,0
1687768968.7316651,28,30,0
1687768968.8316567,28,30,0
1687768968.9316623,28,30,0
1687768969.031743,28,30,0
1687768969.1316357,28,30,0
1687768969.231627,28,30,0
1687768969.331656,28,30,0
1687768969.43167,28,30,0
1687768969.531718,28,30,0
1687768969.631608,28,30,0
1687768969.7317073,28,30,0
1687768969.8315446,28,30,0
1687768969.931542,28,30,0
1687768970.031578,28,30,0
1687768970.1315405,28,30,0
1687768970.231547,28,30,0
1687768970.331546,28,30,0
1687768970.4315524,28,30,0
1687768970.5316856,28,30,0
1687768970.6316342,28,30,0
1687768970.7316291,28,30,0
1687768970.8316755,28,30,0
1687768970.9317482,28,30,0
1687768971.031655,28,30,0
1687768971.1316605,28,30,0
1687768971.231679,28,30,0
1687768971.331641,28,30,0
1687768971.4317086,28,30,0
1687768971.5316799,28,30,0
1687768971.631641,28,30,0
1687768971.7316406,28,30,0
1687768971.8315446,28,30,0
1687768971.931554,28,30,0
1687768972.0316029,28,30,0
1687768972.1315484,28,30,0
1687768972.2315466,28,30,0
1687768972.3315485,28,30,0
1687768972.4315562,28,30,0
1687768972.5317032,28,30,0
1687768972.6316373,28,30,0
1687768972.7316635,28,30,0
1687768972.8316684,28,30,0
1687768972.9317014,28,30,0
1687768973.0316727,28,30,0
1687768973.1316628,28,30,0
1687768973.231671,28,30,0
1687768973.3316677,28,30,0
1687768973.431667,28,30,0
1687768973.5315578,28,30,0
1687768973.6315527,28,30,0
1687768973.731548,28,30,0
1687768973.8315575,28,30,0
1687768973.9315724,28,30,0
1687768974.0315588,28,30,0
1687768974.1315596,28,30,0
1687768974.2317057,28,30,0
1687768974.331643,28,30,0
1687768974.4317458,28,30,0
1687768974.531684,28,30,0
1687768974.631675,28,30,0
1687768974.7316816,28,30,0
1687768974.8316445,28,30,0
1687768974.9317007,28,30,0
1687768975.0316744,28,30,0
1687768975.1316986,28,30,0
1687768975.231674,28,30,0
1687768975.3316731,28,30,0
1687768975.431677,28,30,0
1687768975.5316823,28,30,0
1687768975.6316752,28,30,0
1687768975.73169,28,30,0
1687768975.8316483,28,30,0
1687768975.9316802,28,30,0
1687768976.0317447,28,30,0
1687768976.131648,28,30,0
1687768976.2316806,28,30,0
1687768976.3317122,28,30,0
1687768976.4316509,28,30,0
1687768976.5316923,28,30,0
1687768976.6316707,28,30,0
1687768976.7316554,28,30,0
1687768976.8316839,28,30,0
1687768976.9316435,28,30,0
1687768977.031662,28,30,0
1687768977.1316717,28,30,0
1687768977.2315812,28,30,0
1687768977.331559,28,30,0
1687768977.4315646,28,30,0
1687768977.5315669,28,30,0
1687768977.6315649,28,30,0
1687768977.7315614,28,30,0
1687768977.8315666,28,30,0
1687768977.9317093,28,30,0
1687768978.0316575,28,30,0
1687768978.1316557,28,30,0
1687768978.2316697,28,30,0
1687768978.3316956,28,30,0
1687768978.4342701,28,30,0
1687768978.5317447,28,30,0
1687768978.6317363,28,30,0
1687768978.7315621,28,30,0
1687768978.831563,28,30,0
1687768978.9315598,28,30,0
1687768979.0315962,28,30,0
1687768979.1315622,28,30,0
1687768979.2315643,28,30,0
1687768979.3315604,28,30,0
1687768979.4317207,28,30,0
1687768979.531772,28,30,0
1687768979.631656,28,30,0
1687768979.731679,28,30,0
1687768979.8316798,28,30,0
1687768979.9316616,28,30,0
1687768980.0316932,28,30,0
1687768980.1316586,28,30,0
1687768980.2316885,28,30,0
1687768980.3316536,28,30,0
1687768980.4316852,28,30,0
1687768980.5316398,28,30,0
1687768980.6316996,28,30,0
1687768980.7316606,28,30,0
1687768980.8316867,28,30,0
1687768980.9317179,28,30,0
1687768981.0316646,28,30,0
1687768981.1316898,28,30,0
1687768981.2316897,28,30,0
1687768981.3316557,28,30,0
1687768981.4316614,28,30,0
1687768981.5316963,28,30,0
1687768981.631694,28,30,0
1687768981.7316606,28,30,0
1687768981.8316894,28,30,0
1687768981.9317203,28,30,0
1687768982.031674,28,30,0
1687768982.131732,28,30,0
1687768982.2317207,28,30,0
1687768982.3316853,28,30,0
1687768982.431665,28,30,0
1687768982.5316997,28,30,0
1687768982.6317008,28,30,0
1687768982.7317069,28,30,0
1687768982.8316648,28,30,0
1687768982.9317446,28,30,0
1687768983.0316703,28,30,0
1687768983.1316984,28,30,0
1687768983.231672,28,30,0
1687768983.331664,28,30,0
1687768983.43161,28,30,0
1687768983.5315742,28,30,0
1687768983.6315713,28,30,0
1687768983.731583,28,30,0
1687768983.8315735,28,30,0
1687768983.931576,28,30,0
1687768984.0315807,28,30,0
1687768984.1317384,28,30,0
1687768984.231705,28,30,0
1687768984.3316994,28,30,0
1687768984.4316986,28,30,0
1687768984.5317185,28,30,0
1687768984.6316886,28,30,0
1687768984.7317076,28,30,0
1687768984.8317459,28,30,0
1687768984.931729,28,30,0
1687768985.0316753,28,30,0
1687768985.1316755,28,30,0
1687768985.231674,28,30,0
1687768985.3316731,28,30,0
1687768985.4315805,28,30,0
1687768985.5315776,28,30,0
1687768985.6315813,28,30,0
1687768985.7315738,28,30,0
1687768985.8315985,28,30,0
1687768985.9315808,28,30,0
1687768986.0315828,28,30,0
1687768986.1317246,28,30,0
1687768986.231738,28,30,0
1687768986.3317354,28,30,0
1687768986.431742,28,30,0
1687768986.5317345,28,30,0
1687768986.6317375,28,30,0
1687768986.7317395,28,30,0
1687768986.8316934,28,30,0
1687768986.9317396,28,30,0
1687768987.03181,28,30,0
1687768987.13174,28,30,0
1687768987.2317834,28,30,0
1687768987.331791,28,30,0
1687768987.4354308,28,30,0
1687768987.535075,28,30,0
1687768987.6354344,28,30,0
1687768987.7317362,28,30,0
1687768987.8350563,28,30,0
1687768987.9317958,28,30,0
1687768988.0353913,28,30,0
1687768988.1351209,28,30,0
1687768988.2317963,28,30,0
1687768988.3317778,28,30,0
1687768988.4317513,28,30,0
1687768988.5317924,28,30,0
1687768988.6317952,28,30,0
1687768988.7317781,28,30,0
1687768988.8317776,28,30,0
1687768988.931706,28,30,0
1687768989.0318167,28,30,0
1687768989.131794,28,30,0
1687768989.231801,28,30,0
1687768989.3318026,28,30,0
1687768989.4317443,28,30,0
1687768989.5318007,28,30,0
1687768989.6317985,28,30,0
1687768989.7317433,28,30,0
1687768989.8317437,28,30,0
1687768989.9318,28,30,0
1687768990.0318003,28,30,0
1687768990.1317456,28,30,0
1687768990.2317991,28,30,0
1687768990.3317993,28,30,0
1687768990.4317496,28,30,0
1687768990.5318027,28,30,0
1687768990.6317537,28,30,0
1687768990.7317858,28,30,0
1687768990.831802,28,30,0
1687768990.9317477,28,30,0
1687768991.0318036,28,30,0
1687768991.1318078,28,30,0
1687768991.2318046,28,30,0
1687768991.3318005,28,30,0
1687768991.4317472,28,30,0
1687768991.5318048,28,30,0
1687768991.6318152,28,30,0
1687768991.7317493,28,30,0
1687768991.8318026,28,30,0
1687768991.9318001,28,30,0
1687768992.0318189,28,30,0
1687768992.1318026,28,30,0
1687768992.231804,28,30,0
1687768992.3317943,28,30,0
1687768992.4317503,28,30,0
1687768992.5318017,28,30,0
1687768992.6318,28,30,0
1687768992.7317536,28,30,0
1687768992.831806,28,30,0
1687768992.931752,28,30,0
1687768993.03175,28,30,0
1687768993.1317942,28,30,0
1687768993.2317524,28,30,0
1687768993.331746,28,30,0
1687768993.4317582,28,30,0
1687768993.531752,28,30,0
1687768993.6317592,28,30,0
1687768993.7317312,28,30,0
1687768993.8315978,28,30,0
1687768993.9316394,28,30,0
1687768994.0316024,28,30,0
1687768994.1315942,28,30,0
1687768994.231594,28,30,0
1687768994.3316014,28,30,0
1687768994.4316034,28,30,0
1687768994.5318055,28,30,0
1687768994.631747,28,30,0
1687768994.7318146,28,30,0
1687768994.8317578,28,30,0
1687768994.931809,28,30,0
1687768995.0318177,28,30,0
1687768995.1318064,28,30,0
1687768995.2318134,28,30,0
1687768995.331799,28,30,0
1687768995.4318235,28,30,0
1687768995.5318081,28,30,0
1687768995.6316164,28,30,0
1687768995.7315898,28,30,0
1687768995.831601,28,30,0
1687768995.93161,28,30,0
1687768996.0316112,28,30,0
1687768996.131618,28,30,0
1687768996.2316298,28,30,0
1687768996.3316913,28,30,0
1687768996.431598,28,30,0
1687768996.5316033,28,30,0
1687768996.6316047,28,30,0
1687768996.7316005,28,30,0
1687768996.8316078,28,30,0
1687768996.9315987,28,30,0
1687768997.0316138,28,30,0
1687768997.1317468,28,30,0
1687768997.2317924,28,30,0
1687768997.3317428,28,30,0
1687768997.4317973,28,30,0
1687768997.5318007,28,30,0
1687768997.6317635,28,30,0
1687768997.7317955,28,30,0
1687768997.8317988,28,30,0
1687768997.9317944,28,30,0
1687768998.0318258,28,30,0
1687768998.1317637,28,30,0
1687768998.231769,28,30,0
1687768998.3318083,28,30,0
1687768998.4318197,28,30,0
1687768998.5317965,28,30,0
1687768998.6317677,28,30,0
1687768998.7318175,28,30,0
1687768998.8318167,28,30,0
1687768998.9318123,28,30,0
1687768999.031822,28,30,0
1687768999.131825,28,30,0
1687768999.231818,28,30,0
1687768999.331813,28,30,0
1687768999.4318202,28,30,0
1687768999.5318246,28,30,0
1687768999.631817,28,30,0
1687768999.7318125,28,30,0
1687768999.8318267,28,30,0
1687768999.9318085,28,30,0
1687769000.0318391,28,30,0
1687769000.1318367,28,30,0
1687769000.2318215,28,30,0
1687769000.331835,28,30,0
1687769000.4318378,28,30,0
1687769000.5318208,28,30,0
1687769000.6318223,28,30,0
1687769000.7318256,28,30,0
1687769000.8318286,28,30,0
1687769000.9318225,28,30,0
1687769001.0318408,28,30,0
1687769001.1318219,28,30,0
1687769001.2318208,28,30,0
1687769001.3318229,28,30,0
1687769001.4318268,28,30,0
1687769001.5318024,28,30,0
1687769001.6318264,28,30,0
1687769001.7318358,28,30,0
1687769001.8318262,28,30,0
1687769001.931824,28,30,0
1687769002.0318296,28,30,0
1687769002.131809,28,30,0
1687769002.231646,28,30,0
1687769002.3316228,28,30,0
1687769002.4316223,28,30,0
1687769002.5316207,28,30,0
1687769002.6316206,28,30,0
1687769002.7316165,28,30,0
1687769002.83164,28,30,0
1687769002.9317691,28,30,0
1687769003.031624,28,30,0
1687769003.1316192,28,30,0
1687769003.231623,28,30,0
1687769003.3316207,28,30,0
1687769003.4316227,28,30,0
1687769003.5316224,28,30,0
1687769003.6316183,28,30,0
1687769003.7318335,28,30,0
1687769003.8318279,28,30,0
1687769003.9318337,28,30,0
1687769004.0318322,28,30,0
1687769004.1318305,28,30,0
1687769004.231829,28,30,0
1687769004.33183,28,30,0
1687769004.4318297,28,30,0
1687769004.53184,28,30,0
1687769004.6318347,28,30,0
1687769004.7318316,28,30,0
1687769004.8318346,28,30,0
1687769004.931867,28,30,0
1687769005.031843,28,30,0
1687769005.1318214,28,30,0
1687769005.2318325,28,30,0
1687769005.3318324,28,30,0
1687769005.4318244,28,30,0
1687769005.5318434,28,30,0
1687769005.6318374,28,30,0
1687769005.7318325,28,30,0
1687769005.8318353,28,30,0
1687769005.9318333,28,30,0
1687769006.031837,28,30,0
1687769006.1318357,28,30,0
1687769006.231836,28,30,0
1687769006.3318436,28,30,0
1687769006.4318397,28,30,0
1687769006.5318365,28,30,0
1687769006.6318386,28,30,0
1687769006.7318456,28,30,0
1687769006.8318348,28,30,0
1687769006.931826,28,30,0
1687769007.0318348,28,30,0
1687769007.1318321,28,30,0
1687769007.2318292,28,30,0
1687769007.331829,28,30,0
1687769007.4318361,28,30,0
1687769007.5318294,28,30,0
1687769007.63186,28,30,0
1687769007.731858,28,30,0
1687769007.8318548,28,30,0
1687769007.9318395,28,30,0
1687769008.0318508,28,30,0
1687769008.1318521,28,30,0
1687769008.2318566,28,30,0
1687769008.331864,28,30,0
1687769008.4317894,28,30,0
1687769008.5318398,28,30,0
1687769008.6318269,28,30,0
1687769008.731847,28,30,0
1687769008.8318505,28,30,0
1687769008.9318326,28,30,0
1687769009.0318449,28,30,0
1687769009.131843,28,30,0
1687769009.231844,28,30,0
1687769009.3318415,28,30,0
1687769009.4318452,28,30,0
1687769009.5318532,28,30,0
1687769009.6318521,28,30,0
1687769009.731847,28,30,0
1687769009.8318486,28,30,0
1687769009.9318433,28,30,0
1687769010.0318575,28,30,0
1687769010.131842,28,30,0
1687769010.2318413,28,30,0
1687769010.3318448,28,30,0
1687769010.4318514,28,30,0
1687769010.5318546,28,30,0
1687769010.63185,28,30,0
1687769010.7318501,28,30,0
1687769010.8318431,28,30,0
1687769010.931839,28,30,0
1687769011.031854,28,30,0
1687769011.131849,28,30,0
1687769011.2318513,28,30,0
1687769011.33185,28,30,0
1687769011.4318485,28,30,0
1687769011.531853,28,30,0
1687769011.6318457,28,30,0
1687769011.7317936,28,30,0
1687769011.831862,28,30,0
1687769011.9318507,28,30,0
1687769012.0318658,28,30,0
1687769012.1318572,28,30,0
1687769012.231858,28,30,0
1687769012.331852,28,30,0
1687769012.4318528,28,30,0
1687769012.531855,28,30,0
1687769012.6318538,28,30,0
1687769012.7318537,28,30,0
1687769012.8318536,28,30,0
1687769012.931853,28,30,0
1687769013.0318637,28,30,0
1687769013.1318533,28,30,0
1687769013.2318525,28,30,0
1687769013.3318477,28,30,0
1687769013.4318647,28,30,0
1687769013.5318534,28,30,0
1687769013.631856,28,30,0
1687769013.7318645,28,30,0
1687769013.8318586,28,30,0
1687769013.9318597,28,30,0
1687769014.0318565,28,30,0
1687769014.13187,28,30,0
1687769014.2318616,28,30,0
1687769014.331859,28,30,0
1687769014.4318657,28,30,0
1687769014.5318654,28,30,0
1687769014.6318684,28,30,0
1687769014.73186,28,30,0
1687769014.8318474,28,30,0
1687769014.931853,28,30,0
1687769015.0318801,28,30,0
1687769015.1318662,28,30,0
1687769015.2318656,28,30,0
1687769015.3318489,28,30,0
1687769015.4318514,28,30,0
1687769015.5354571,28,30,0
1687769015.6318114,28,30,0
1687769015.7318373,28,30,0
1687769015.8318577,28,30,0
1687769015.931845,28,30,0
1687769016.031876,28,30,0
1687769016.1318479,28,30,0
1687769016.2318242,28,30,0
1687769016.331858,28,30,0
1687769016.4318542,28,30,0
1687769016.5318685,28,30,0
1687769016.6318567,28,30,0
1687769016.7318203,28,30,0
1687769016.8318145,28,30,0
1687769016.9318485,28,30,0
1687769017.0318623,28,30,0
1687769017.1318524,28,30,0
1687769017.2318485,28,30,0
1687769017.3318584,28,30,0
1687769017.4318638,28,30,0
1687769017.5318532,28,30,0
1687769017.6318576,28,30,0
1687769017.731811,28,30,0
1687769017.8318615,28,30,0
1687769017.931863,28,30,0
1687769018.0318708,28,30,0
1687769018.1318462,28,30,0
1687769018.2318642,28,30,0
1687769018.3318636,28,30,0
1687769018.431869,28,30,0
1687769018.5318613,28,30,0
1687769018.631867,28,30,0
1687769018.731851,28,30,0
1687769018.8318615,28,30,0
1687769018.9318678,28,30,0
1687769019.0318687,28,30,0
1687769019.1318643,28,30,0
1687769019.2318764,28,30,0
1687769019.3318644,28,30,0
1687769019.4318633,28,30,0
1687769019.531861,28,30,0
1687769019.631822,28,30,0
1687769019.731814,28,30,0
1687769019.8316615,28,30,0
1687769019.9316678,28,30,0
1687769020.0316768,28,30,0
1687769020.1316729,28,30,0
1687769020.231672,28,30,0
1687769020.3316586,28,30,0
1687769020.4316719,28,30,0
1687769020.53188,28,30,0
1687769020.6318686,28,30,0
1687769020.7318642,28,30,0
1687769020.8318884,28,30,0
1687769020.9318645,28,30,0
1687769021.031883,28,30,0
1687769021.1318636,28,30,0
1687769021.2318687,28,30,0
1687769021.331868,28,30,0
1687769021.4318693,28,30,0
1687769021.5318747,28,30,0
